ชื่อร้าน,product,รายละเอียดสินค้า,รูปภาพ,ไลค์,แชร์,คอมเม้นต์,แฮชแท็ก
kanompang589,Gucci Bloom เขียว ,"กลิ่นหอม: ดอกไม้  ดอกมะลิ ดอกไอริส ดอกทูเบอร์โรส  
ท็อปโน๊ต: ใบไม้สีส้มและสีเขียว โน๊ตกลาง: ซ่อนกลิ่น, ดอกมะลิ, สายน้ำผึ้ง โน๊ตฐาน: รากโอริส, ไม้จันทน์, วานิลลา
คุณสมบัติ: น้ำหอมผู้หญิง ดอกไม้สีขาว ดอกทูเบอร์โรสสัตว์ดอกไม้ใบไม้สีเขียว
เหมาะสำหรับสภาพผิว
  ",,,,ได้รับสินค้าครบถ้วนค่ะ อยากให้ทางร้านแพ็คกันกระแทกหนาแน่นกว่านี้ค่ะ โดยรวมแล้วดีค่ะ ชอบมากค่ะ, #น้ำหอมกุชชี่  #กุชชี่บูมม  #guccibloom  #น้ำหอม #แฟชั่นผู้หญิง  #perfume  #น้ำหอมผู้หญิง  #GUCCI 
cocosiliya8,Gucci Bloom,"แหล่งกำเนิด: ฝรั่งเศส
คุณสมบัติ: กลิ่นหอมของผู้หญิง
กลิ่นหอม: ดอกไม้

กลิ่นหอม: ดอกไม้
ท็อปโน๊ต: ใบไม้สีเขียวส้ม
โน๊ตกลาง: ดอกทูเบอร์โรส, ดอกมะลิ, สายน้ำผึ้ง

คำอธิบาย: เคาน์เตอร์ของแท้ 100% เพื่อปกป้องสิทธิ์และผลประโยชน์ของผู้บริโภค เราสัญญาอย่างจริงจังว่า: หากผลิตภัณฑ์ที่คุณได้รับถูกระบุว่าเป็นของปลอม เราจะคืนเงินให้คุณโดยไม่มีเงื่อนไข และคุณไม่จำเป็นต้องส่งคืน .
บทนำ : ความเป็นผู้หญิงที่คาดไม่ถึง
 ",,,,กลิ่นหอม ติดทนนาน ,#ดอกขาว #ดอกดอกทูเบอร์โรส
38.perfume.shop,Gucci Bloom Eau de,น้ำหอมที่เพิ่มเสน่ห์ความหอมชวนหลงใหล ด้วยน้ำหอมจากแบรนด์ ที่คัดสรรส่วนผสมอย่างดีจากธรรมชาติ ผสมผสานกันจนได้กลิ่นหอมชวนลุ่มหลง เต็มไปด้วยเสน่ห์ความหอมที่ยากจะลืมเลือน,,,,"จัดส่งสินค้าไวมากค่า แพ็คมาดี ได้ของครบ แล้วก็มีแถมมาให้อีก1ชิ้นด้วย น่ารักกกก เหมาะกับคนที่ตามหากลิ่นที่ชอบอย่างเรามาก555 ไว้จะมาอุดหนุนใหม่นะคะ,คุณภาพสินค้าดีมากกกความคุ้มค่าดีมากๆน่ารักมากกชอบมากๆเลยค้าาความรวดเร็วในการจัดส่งไวมากๆค้าราคาก็ดีด้วยย", #GUCCI #Gucci Bloom #EDP #perfume #womensperfume #Eau de Parfum #Gucci Bloom #Authentic GucciPerfume
charm_goddess.1,Gucci Bloom,"น้ำหอมผู้หญิง ท็อปโน๊ต: ใบไม้สีส้มและสีเขียว กลิ่นกลาง: ของดอกทูเบอร์โรส, ดอกมะลิ, สายน้ำผึ้ง โน๊ตฐาน: รากไม้โอริส, ไม้จันทน์, วนิลา น้ำหอมที่ผสมผสานกันลงตัวจนได้กลิ่นหอมชวนน่าหลงใหล เพิ่มเสน่ห์ให้ชวนน่าลุ่มหลง ด้วยกลิ่น Floral ที่หอมสดชื่นจากธรรมชาติ นำเสนอกลิ่นของดอกไม้ที่มีความเป็นเอกลักษณ์ไม่เหมือนใคร ผ่านการใช้ส่วนผสมใหม่ๆที่แตกต่าง ที่จะสร้างประสบการณ์ใหม่ในการรับกลิ่นหอม ด้วยการผสมผสานความเป็นธรรมชาติระหว่างดอกดอกทูเบอร์โรส และ ดอกมะลิ ที่ผ่านการสกัดด้วยกรรมวิธีแสนพิเศษเพื่อให้ได้กลิ่นหอมเป็นธรรมชาติ พร้อมดอกเล็บมือนางที่ให้กลิ่นคล้ายแป้งอ่อนๆ",,,,"ได้รับสินค้าเรียบร้อยค่ะ มาในสภาพสมบูรณ์ จัดส่งรวดเร็วดีมากเลยค่ะ น้ำหอมหอมดีค่ะ กลิ่นไม่ฉุน ?ได้ออกแนวกลิ่นหวานๆ แต่หอมสดชื่นดีค่ะ,ได้รับสินค้าแล้ว สินค้าน่ารักมาก แพคเกจจิ้งดีสวยหรู กลิ่นหอม สินค้าตรงปกการจัดส่งคือรวดเร็วมาก",#น้ำหอม #แฟชั่นผู้หญิง 
korea_store.TH,Gucci Bloom, เหมาะสำหรับทุกสภาพผิวใช้ได้กับทุกคน  กลิ่นคล้ายแป้งอ่อน ๆ จากดอกเล็บมือนาง  ให้กลิ่นหอมของธรรมชาติจากกลิ่นดอกมะลิ มอบเสน่ห์อันลึกล้ำด้วยกลิ่นจากดอกดอกทูเบอร์โรส จากจิตวิญญาณร่วมสมัย ความหลากหลาย และเสน่ห์อันจริงแท้ในตัวตนของผู้หญิงจากนิยามความหอมยามเมื่อผลิบานตามธรรมชาติของดอกดอกทูเบอร์โรสและดอกมะลิ จะช่วยรังสรรค์กลิ่นอายของมวลดอกไม้สีขาวบนเรือนกายคุณได้อย่างน่าอัศจรรย์ อีกทั้งดอกเล็บมือนางจากถิ่นกำเนิดในอินเดียใต้ที่ค่อยเปลี่ยนจากสีขาวเป็นชมพูและเป็นสีแดงเมื่อบานสะพรั่ง จะยิ่งช่วยเผยความหอมอ่อนละมุนให้กับที่สุดของน้ำหอมคู่ใจและคู่กายคุณ เพิ่มเสน่ห์ความหอมชวนหลงใหล ด้วยน้ำหอมจากแบรนด์ที่คัดสรรส่วนผสมอย่างดีจากธรรมชาติ ผสมผสานกันจนได้กลิ่นหอมชวนลุ่มหลง เต็มไปด้วยเสน่ห์ความหอมที่ยากจะลืมเลือน,,,,ร้านน้ำหอมเจ้าประจำสั่งมาหลายขวดแล้วไม่เคยผิดหวังครับกับร้านนี่ ของแท้ ของดี ราคาดี จัดส่งรวดเร็วทุกทุกครั้ง,#สินค้าขายดี #แบรนด์ดัง #ยี่ห่อดัง #ดิออร์
Flower Scent,Gucci Bloom,?ขายของแท้ ??100% ขายตรงที่เคาน์เตอร์ ของแท้ 100% ไม่แท้ รับประกันคืนเงินเต็มจำนวน ?? ท็อปโน๊ต: ดอกมะลิกลีบคู่ ดอกดอกทูเบอร์โรส โน๊ตฐาน:สายน้ำผึ้ง ??ประเภทของกลิ่นและเวลาการหอม จัดส่งภายใน สี่สิบแปดชั่วโมงหลังจากสั่งซื้อ ???? ??สินค้าพร้อมส่ง จัดส่งจากคลังสินค้าในพื้นที่???? ??สามารถสอบถามรายละเอียดเพิ่มเติม???? ??ขอบคุณลูกค้าที่ไว้วางใจซื้อสินค้าร้านเรานะค่ะ สินค้ามีปัญหาสามารถติดต่อแอดมินของทางร้านได้เลยนะค่ะ????,,,,ได้รับสินค้าแล้วค่ะ จัดส่งเร็วดีค่ะ น้ำหอมกลิ่นหอมมาก หอมแบบผู้ดีเลยล่ะค่ะ ฝาปิดสนิท ไม่มีรั่วซึม ชอบกลิ่นนี้มากๆค่ะ,
jeudcheud,Gucci Bloom, เป็นน้ำหอมที่นำเอาคุณค่าของดอกไม้นานาชนิดและพืช พันธุ์ไม้หลากสีสันมาผสมผสานเข้าด้วยกัน โดยเลือกเฟ้นคัดสรรหมู่มวลดอกไม้หายากถึง 3 ชนิด มาใช้เป็นส่วนผสมหลัก ประกอบด้วย ดอกมะลิตูม ดอกดอกทูเบอร์โรส และดอกเล็บมือนาง (Rangoon Creeper) รวมทั้งได้ผสานกับกลิ่นหอมของดอกออร์ริส และกุหลาบสายพันธุ์ดามาซีน่าที่ได้รับการขนานนามว่าเป็น 'ราชาแห่งกุหลาบ' มาช่วยมอบเสน่ห์สู่คุณผู้หญิงอย่างเปล่งประกายและสง่างาม  คือน้ำหอมที่เกิดจากการสร้างสรรค์โดย Alberto Morillas นักปรุงน้ำหอมมือทองของGucci โดยใช้หลักความหอมแนวปิรามิด ที่เริ่มต้นด้วยการส่งกลิ่นหอมแบบท็อปโน๊ต และปิดท้ายกลิ่นหอมตรึงใจด้วย โน๊ตฐาน ถูกบรรจุลงในขวดแก้วทึบในแบบฉบับดั้งเดิมของ Gucci Bloom ที่มีเอกลักษณ์เฉพาะตัว เพิ่มความหรูหราด้วยการเลือกใช้ขวดสีแดงเบอร์กันดี เติมความโดดเด่นมากขึ้นด้วยโลโก้ GUCCI ที่ขวดบนฉลากสีชมพูอ่อนสุดคลาสสิค กล่องด้านนอกเลือกใช้สีชมพูสว่าง ตกแต่งด้วยศิลปะแขนง Herbarium ซึ่งเป็นไอคอนของน้ำหอมรายล้อมไปด้วยลวดลายของกลีบใบและกิ่งไม้ ดูสวยงาม น่าจับจองเป็นเจ้าของยิ่งนัก,,,,"เพิ่งสั่งครั้งแรก ร้านส่งเร็ว แพคมาดี กลิ่นหอม แต่ความกลิ่นคงทนนานแค่ไหน ไม่รู้ เอาอะไรกับราคานี้ แค่นี้ก็โอเคแล้ว ส่วนเรื่องขนส่ง ส่งมาดี พนง.สุภาพ,ได้รับไวมาก แพ็คดี กลิ่นหอมเข้มข้น ชอบมาก

ได้รับไวมาก แพ็คดี กลิ่นหอมเข้มข้น ชอบมาก", #ของขวัญวันเกิด #ของขวัญฉลองวันสำคัญ #ของแท้ 100% #ดิวตี้ฟรี #ส่งฟรี #ราคาถูก #น้ำหอมผู้หญิง #สินค้าฮอต #สินค้าขายดี #แบรนด์ดัง #ยี่ห่อดัง #ดิออร์
undashop,Gucci Bloom,แบ่งขายน้ำหอมแท้ 100% น้ำหอมแบรนด์แท้ 100% กลิ่นหอมหวานที่รังสรรค์ขึ้นใหม่ เพื่อหญิงสาวแสนหวานเปี่ยมเสน่ห์เช่นคุณ! น้ำหอมสำหรับผู้หญิงที่โดดเด่นด้วยกลิ่นของดอกไม้สีขาวนานาชนิด เติมเต็มความละมุนละไมด้วยการผสมผสานเข้ากับรากไม้ที่หอมอบอวล  เพื่อกลิ่นหอมที่โดดเด่นมีชีวิตชีวา เต็มเปี่ยมไปด้วยเสน่ห์ที่เป็นธรรมชาติและไม่ซ้ำใคร ราวกับพกพาสวนดอกไม้ติดตัวไปด้วยทุกที่ ,,,,คุณภาพของสินค้าดีมากน้ำหอมมีกลิ่นหอมราคาไม่แพงจัดส่งไวซื้อร้านนี้มาหลายครั้งแล้วไม่ผิดหวังเลยค่ะยังมีอีกหลายกลิ่นที่อยากลองแนะนำร้านนี้นะคะน้ำหอมหอมติดทน, #ส่งฟรี #ราคาถูก #น้ำหอมผู้หญิง #สินค้าฮอต #สินค้าขายดี #แบรนด์ดัง #ยี่ห่อดัง
zcfvra00gp,Gucci Bloom,"กลิ่นหอม: ดอกไม้ ท็อปโน๊ต: พริกไทยสีชมพู, มะกรูด, ส้มเขียวหวาน กลิ่นระดับกลาง: ไลแลค, เจอเรเนียม, กุหลาบ, ไวโอเล็ต โน๊ตฐาน: แพทชูลี่ แอมเบอร์ คุณสมบัติ: กลิ่นหอมของผู้หญิง Tags: ฟลอรัล, ไวโอเล็ต, ซิตรัส, เฟรช, เฟรชแอนด์สไปซี่, กุหลาบ, แป้งฝุ่น, ซอฟท์แอนด์สไปซี่, ริช, แพทชูลี่",,,,แกะห่อออกมาคืออึ้งไปเลย ไม่คิดว่าจะได้กล่องสวยขนาดนี้ น้ำหอมคือแพคมาดีมาก และทุกหลอดไม่รั่วเลย สั่งครั้งแรกคือชอบ นี่สั่งครั้งที่สองคือประทับใจสุดๆ น้ำหอมแท้ ติดทน ดีงาม ชอบค่ะๆ, #ส่งฟรี #ราคาถูก #น้ำหอมผู้หญิง #สินค้าฮอต #สินค้าขายดี #แบรนด์ดัง #ยี่ห่อดัง
5hf2kd0hbh,Gucci Flora Gorgeous Gardenia EDP 100 ml, เฉียบเฉียบ เป็นน้ำหอมที่มีกลิ่นอายของผู้หญิง กลิ่นดอกไม้ และลี้ลับอย่างเหลือเชื่อ ส่วนหนึ่งของสิ่งที่ทำให้ช่อดอกไม้มีมนต์ขลังคือการที่ทะเลของโน้ตต่างๆ มารวมกัน และไม่ว่าจะอย่างไร กลิ่นนี้ก็หอมมาก และคุณสามารถสำรวจกลิ่นใหม่ๆ ในช่อดอกไม้ได้เป็นเวลานาน แค่นั้นเอง Gucciก็สามารถดื่มด่ำกับน้ำหอมอันน่าทึ่งนี้ได้ ดอกพุดมีแรงดึงดูดที่เข้มข้นและดีต่อประสาทสัมผัสของคุณ ,,,,"ได้รับสินค้าเรียบร้อย สินค้าดี สินค้าตรงปก กลิ่นหอม การบรรจุสินค้าและการจัดส่งสินค้ารวดเร็วดี ไว้มาอุดหนุนใหม่,สั่งกับร้านนี้ครั้งที่2แล้ว ส่งเร็ว ราคาดี กลิ่นไม่เพี้ยน และมีโค้ดส่วนลดมาให้เรื่อยๆ แต่มักกดไม่ทันทุกที เดี๋ยวไว้กลับมาซื้อกับร้านนี้อีกแน่นอน เล็งน้ำหอมกลิ่นอื่นไว้แล้วรอโค้ดลดอีกทีก่อน", #ส่งฟรี #ราคาถูก #น้ำหอมผู้หญิง #สินค้าฮอต #สินค้าขายดี #แบรนด์ดัง #ยี่ห่อดัง
nnperfume999,,วิคตอเรียชิมเมอร์ กลิ่นนี้จะหอมหวาน   ฉีดแล้วมีกากเพชรวิ้งๆ ฉีด แล้ววิบวับไปทั้งตัวเลยจ้า ใช้ได้ตั้งแต่หัวจรดปลายเท้าเลยค่ะ ฉีดไม่เปลืองเลยน้า ซื้อ 1 ขวดใช้ใด้  หลายเดือนเลยนะคะ ที่อื่นขายเกินราคานี้เลยน่ะ สั่งเลยจ้า คุ้มมากก  กลิ่นโรแมนติก แนะนำนะคะ หอมมากๆค่ะ ลูกค้าทักมาว่าหอมมาก ขายดีมากๆค่า ,,,,ดีมากกกกกกกก ชอบมากกกกกกก แนะนำเลยนะคะ ราคาถูกได้ของดี ได้ของรวดเร็วทันใจ ชอบมากค่ะ สั่งอีกแน่นอน 100% การบริการดีเยี่ยม เต็ม 10 ไปเลยค่ะ ประทับใจสุด ๆ, #ส่งฟรี #ราคาถูก #น้ำหอมผู้หญิง #สินค้าฮอต #สินค้าขายดี #แบรนด์ดัง #ยี่ห่อดัง
Perfume grocery store,Dior,ของแท้ ส่งฟรี | น้ำหอมผู้หญิง กลิ่นดอกไม้ ~~~~~~ รายละเอียดสินค้า ~~~~~~ ชื่อผลิตภัณฑ์: น้ำหอมผู้หญิง อายุสินค้านับจากวันผลิต : สามปี ~~~~~~ กลิ่นหอม~~~~~~ ท็อปโน๊ต : ดอกกุหลาบดามัสเซนา โน๊ตกลาง : ดอกโบตั๋น โน๊ตฐาน : ไวท์มัสค์ ~~~~~~ คำแนะนำ~~~~~~ น้ำหอม กลิ่นนี้ได้รับการดีไซน์ขึ้นเพื่อเป็นเกียรติให้กับความหลงใหลในดอกไม้ของคริสเตียน ดิออร์ โดยคุณจะสัมผัสได้ถึงกลิ่นดอกพีโอนีและกุหลาบดามัสกัสอันนุ่มนวลและอ่อนโยน เพิ่มความสดชื่นด้วยกลิ่นมะกรูดคาลาเบรียน ตามมาด้วยกลิ่นไวท์มัสก์ซึ่งร้อยเรียงกันอย่างลงตัวเสมือนบทกลอนอันไพเราะจับใจ ,,,,จัดส่งมาดี น้ำหอมหอมมากกกกกกกก ปลื้มมาก กลิ่นติดทน ไม่ต้องเติมเลยระหว่าง ก่อนหน้านี้ใช้ jomalone มาตลอด พึ่งมาเปลี่ยนเป็น dior ขวดแรก i love เลยกลิ่นนี้,#ของขวัญวันเกิด #ของขวัญฉลองวันสำคัญ #ของแท้ 100% #ดิวตี้ฟรี #ส่งฟรี #ราคาถูก #น้ำหอมผู้หญิง #สินค้าฮอต #สินค้าขายดี #แบรนด์ดัง #ยี่ห่อดัง #ดิออร์
DK Perfume,Dior,เป็นน้ำหอมสำหรับคุณสุภาพสตรี ด้วยกลิ่นแนว Chypre Fruity เหมาะกับคนรุ่นใหม่ หญิงที่แฝงความโรแมนติค มีรสนิยมดี ดูสมาร์ท ฉลาด แต่ร่าเริง ที่กำลังเดินเล่นในสวนสนุก คอนเซ็ปของน้ำหอมนี้ช่างบรรเจิดดีแท้ กลิ่นเปิดด้วย ใบสตอรเบอรี่ป่า ส้มแมนดาริน และเชอร์รี่ กลิ่นกลางเป็น ดอกมะลิ กุหลาบ ดอกไวโอเล็ต กลิ่นฐานอบอุ่นด้วย แอมเบอร์ และชะมด นิยมใส่ในวันสบายๆ ขนาด สามสิบห้ามิลลิลิตร ?กลิ่นเคาเตอร์แบรนด์แท้??% ?กลิ่นหอมติดทน หอมนาน 24ชม. ?ไม่มีกลิ่นแอลกอฮอร์ ????รับประกันความหอมติดทนจร้า????,,,,ผลลัพธ์: หอมติดทน กลิ่น: หอมละมุนมากๆ ร้านจัดส่งไวมากๆ แพคของมาหนาแน่นมาก ได้รับของครบตามจำนวนมีของแถมให้ด้วยค่ะ น้ำหอมคือหอมมากค่ะ ขวดสวยหรูหรา ขวดใหญ่อยู่นะคะ หอมเกินราคา ไว้อุดหนุนอีกครั้ง แนะนำๆค่ะ,#รีวิวน้ำหอม #น้ำหอมแท้ #น้ำหอมเคาน์เตอร์แบรนด์ #
38.perfumes.shop,Dior,????ทางร้านจัดจำหน่ายแต่ของแท้ 100% เท่านั้น ???? ??น้ำหอมแบรนด์แท้ ขนาด 30 ml. ??สินค้านำเข้าจากสิงคโปร์ และฮ่องกง ????????,,,,สินค้ามีการแพ็คมาอย่างดี ส่งสินค้าถูกต้องตามที่สั่ง ถูกและดี น้ำหอมกลิ่นดีแล้วปต่คนชอบเลยโดยรวมคือโอเครเลยจังส่งของไว, #น้ำหอมแท้ #น้ำหอมเคาน์เตอร์แบรนด์ 
DK Perfume,,เป็นน้ำหอมสำหรับคุณสุภาพสตรี ด้วยกลิ่นแนว Chypre Fruity เหมาะกับคนรุ่นใหม่ หญิงที่แฝงความโรแมนติค มีรสนิยมดี ดูสมาร์ท ฉลาด แต่ร่าเริง ที่กำลังเดินเล่นในสวนสนุก  คอนเซ็ปของน้ำหอมนี้ช่างบรรเจิดดีแท้ กลิ่นเปิดด้วย ใบสตอรเบอรี่ป่า ส้มแมนดาริน และเชอร์รี่ กลิ่นกลางเป็น ดอกมะลิ กุหลาบ ดอกไวโอเล็ต คาราเมล กลิ่นฐานอบอุ่นด้วย แอมเบอร์ และชะมด นิยมใส่ในวันสบายๆ ,,,,กลิ่น: หอม,#รีวิวน้ำหอม #น้ำหอมแท้ #น้ำหอมเคาน์เตอร์แบรนด์ 
Be mild shop,Dior,น้ำหอมวิกตอเรียชิมเมอร์ เป็นน้ำหอมขวดใหญ่มีกากเพชรนะคะ ตัวนี้กลิ่นจะฟุ้งๆนะคะ ความติดทนระดับบอดี้มิสค่ะ ขวดใหญ่ ใช้ใด้นานค่ะ หอมแบบน่ารักนะคะ  อีกแบบจะเป็นน้ำหอมฟีโรโมน หอมติดทนทั้งวันแม่ค้าการันตีความหอมติดทนให้ค่ะ ความติดทนระดับ EDP ++ ค่ะ ขวดมินิ แต้มนิดเดียวทนทั้งวันค่ะ ?การันตียอดขายอันดับ 1 ในช้อปปี้ ?? ขายมาแล้วกว่า 30000 ชิ้น ,,,,ผลลัพธ์: ดี กลิ่น: หอมดี,#รีวิวน้ำหอม #น้ำหอมแท้ #น้ำหอมเคาน์เตอร์แบรนด์ 
,victoria,??น้ำหอมวิคตอเรียกากเพชรกลิ่นยอดฮิต และ กลิ่นLimited ??  รายละเอียดกลิ่น Pure Seduction ชิมเมอร์ กลิ่นสุดขายดีตลอดกาล แบบชิมเมอร์เนื้อจะเหลวๆ Love Spell กลิ่นหอมแนว Floral & Fruity หอมแบบกลิ่นดอกไม้ผสมกลิ่นฟรุ้ตตี้หอมสดชื่น สดใส Amber Romance กลิ่นหอมแบบนุ่มนวลของกลิ่นวนิลาผสมกับดอกไม้นานาพันธุ์กลิ่นนี้จะเป็นกลิ่นหอมอ่อนๆ velvet petals  กลิ่นหอมหวาน มีเสน่ห์ กลิ่นหอมสดชื่นกลิ่นหลักของดอกแมคโนเลียเป็นแนวหวานๆ Miss Spray amd Glitter สเปรย์ฉีดผิวน้ำหอมกลิ่นหอมหวานแนวดอกไม้ มีความผู้ใหญ่มากขึ้น มีความกลิ่นนุ่มๆใสๆ กลิ่นติดทน 5 ชั่วโมง แถมทำให้ผิวชุ่มชื่น มีทั้งแบบวิ้งกลิตเตอร์ และแบบธรรมดาแต่รับรองความหอมที่เหมือนกัน,,,,ผลลัพธ์: น้ำหอมกลิ่นหอมแบบลูกอมอ่อนๆๆ ไม่แรงมาก ต้องฉีดเยอะหน่อยถ้าจะให้กลิ่นติดเยอะๆๆ  กลิ่น: หอมกลิ่นลูกอมอ่อนๆ น้ำหอมติดผิวดีค่ะ กลิ่นบางๆ ไม่ฉุนจนเกินไป เหมาะกับคนที่ไม่ชอบน้ำหอมกลิ่นแรงๆ, #น้ำหอมแท้แบ่งขาย #perfume
amt shop,victoria,น้ำหอม secret วิคตอเรียซีเคร็ท ขนาด 250 ml. ชิมเมอร์ กลิ่นสุดขายดีตลอดกาล แบบชิมเมอร์เนื้อจะเหลวๆ ทาตามตัวกลิ่นหอมติดตัวมากกก ดีย์งามมม มีวิ้งๆๆอีกด้วย ผิวหอมแถมยังผิวดูสุขภาพดีอีก ชิมเมอร์ กลิ่นสุดขายดีตลอดกาล หอมแนวสดใส แนวลูกอมลูกกวาด เคล็ดลับ:หลังอาบน้ำทาโลชั่นน้ำหอม Secret แล้วฉีด body mist ที่ผิวตามต้องการ จะได้ความหอมนานแนะนำให้ฉีดที่ผิว ฉีดได้ตามการ หอมหวาน ซุกซน แสนน่ารัก กลิ่นของลูกพลัมแดงผสมผสานดอกฟรีเซียร์ดอกไม้แห่งมิตรภาพ หอมหวาน,,,,กลิ่น: ดี  ผลลัพธ์: ดี คุณภาพสินค้าคุ้มค่าคุ้มราคา ทางร้านจัดส่งเร็วมาก แพ็คสินค้ามาอย่างดี การบริการจากทางร้านดี การบริการจากขนส่งดี ถูกใจเลยค่ะ ??,#รีวิวน้ำหอม #น้ำหอมแท้ #น้ำหอมเคาน์เตอร์แบรนด์ #น้ำหอมแบ่งขาย 
undashop,prada,"น้ำหอมแท้ น้ำหอมแท้ 100% ??เป็นน้ำหอมกลิ่นแอมเบอร์ฟลอรัลสำหรับผู้หญิง ??นี่คือกลิ่นหอมใหม่ เปิดตัวในปี 2022 ?ท็อปโน๊ตของแพร์, ส้มเขียวหวานและมะกรูด ??โน๊ตกลางของ ดอกส้ม และดอกมะลิ ??โน๊ตฐาน วนิลา ? ขายของแท้ 100 % รับประกันหากไม่แท้ ยินดีคืนเงินจ้า ? ",,,,"ชอบมากกก หอมฟรุ๊ตตี้ๆ กลิ่นออกแนวองุ่นๆ แปลกมาก ทั้งที่โน๊ตไม่ได้มีองุ่นเลย 555 กลิ่นค่อนข้างใส แอบมีความคล้าย Valentino donna born in roma มากกกก แต่ตัวนั้นตึ้บกว่าเยอะ ตัวนี้ค่อนข้างใช้ง่าย แต่ฉีดที่ตัวเราแล้วไม่ค่อยทนเท่าไหร่ ต้องฉีดอัดๆๆแบบหลายสเปรย์มากๆ กลิ่นไม่ค่อยฟุ้ง แต่คนใกล้ตัวที่ได้กลิ่นจะบอกว่าหอมค่ะ
",#รีวิวน้ำหอม #น้ำหอมแท้ #น้ำหอมเคาน์เตอร์แบรนด์ #น้ำหอมแบ่งขาย 
Purple/Store,prada,"?เวลาการจัดส่ง: ระยะเวลาการจัดส่งประมาณ 3ถึง5 วัน สามารถจัดส่งได้ทันที ส่งจากเชียงใหม่  ? การันตีทุกหยดของแท้ 100% แบ่งจากน้ำหอมสะสมส่วนตัว ไม่แท้ยินดีคืนเงินค่ะ ?? ? เรียนลูกค้า หากคุณพบปัญหาใดๆ เกี่ยวกับผลิตภัณฑ์โปรดติดต่อเรา เราจะพยายามอย่างดีที่สุดเพื่อตอบสนองความต้องการของคุณ ท็อปโน๊ต : แพร, Tangerine and Bergamot; โน๊ตกลาง : ดอกส้ม ดอกมะลิ; โน๊ตฐาน : วนิลา. ??ประเภทกลิ่นหอมและเวลาติดทน ?เคล็ดลับน้ำหอม: - น้ำหอมควรเก็บไว้ในที่เย็นเพื่อหลีกเลี่ยงลมร้อนและแสงแดด เมื่อน้ำหอมสัมผัสกับอุณหภูมิสูง สีและกลิ่นของน้ำหอมจะเปลี่ยนไป หากต้องการเก็บไว้นานกว่านี้ ให้ห่อด้วยกระดาษแล้วใส่ในช่องแช่แข็ง -พยายามอย่าเขย่าขวดน้ำหอม - ห้ามสัมผัสขวดโดยตรงด้วยมือที่สกปรก เพราะอาจทำลายกลิ่นน้ำหอมได้เอง -หลังจากใช้น้ำหอมแล้วควรปิดฝาให้สนิทเพื่อป้องกันไม่ให้น้ำหอมระเหย",,,,กลิ่น Paradox ที่จะเปิดมาด้วยความหอมของดอกเนโรรี ส้มและดอกส้ม มะลิ ลูกแพร์ ที่รวมกันมาได้หอมหรูสดชื่น ดรายเบสด้วยวานิลลา มัสก์และแอมเบอร์ที่เพิ่มความหวานนุ่ม อบอุ่นมีเสน่ห์ น่าค้นหา ภาพรวมกลิ่นคือเหมาะกับฉีดไปทำงาน ไปเดท สังสรรค์ได้หมดค่ะ กลิ่นใช้ไม่ยาก แต่ก็อาจมึนได้ถ้าฉีดเยอะสเปรย์ค่ะ ความติดทนบนผิวสำหรับเรา 4/6 ชั่วโมงค่ะ,#น้ำหอมแบรนด์เนมแท้ #น้ำหอมแบรนด์เนม
proofperfume,prada,กลิ่นดีมาก !! ,,,,ผลลัพธ์: ติดทนแน่ๆ edp กลิ่น: หอมหวานฉ่ำๆ ฟรุตตี้หน่อยๆ,#รีวิวน้ำหอม #น้ำหอมแท้ #น้ำหอมเคาน์เตอร์แบรนด์ #น้ำหอมแบ่งขาย #น้ำหอม #น้ำหอมแท้แบ่งขาย #perfume #pradalhomme #น้ำหอมprada #น้ำหอมpradalhomme #น้ำหอมpradaแท้ #pradahomme #nittoprada #น้ำหอมแบรนด์เนมแท้ #น้ำหอมแบรนด์เนม
